dataset,param_set,channel,candidate_rank,peak_rank,peak_wavelength_nm_0p1,peak_intensity_refined,delta_nm,trace_species,target_wavelength_nm,source_url,status
air,100H,bulk,1.0,5.0,307.8,2.1598236092779213e-05,0.3390999999999735,O II,,https://physics.nist.gov/cgi-bin/ASD/lines1.pl?spectra=O+II&limits_type=0&low_w=200.000&upp_w=500.000&unit=1&de=0&format=2&line_out=0&en_unit=0&output=0&page_size=15&show_obs_wl=1&show_calc_wl=1&unc_out=1&show_av=2&allowed_out=1&forbid_out=1&remove_js=on&submit=Retrieve+Data,nist_reactive_candidate
air,100H,bulk,,5.0,307.8,2.1598236092779213e-05,0.1999999999999886,OH,308.0,configs/target_species_lines.csv,target_match
air,100H,bulk,,4.0,313.6,5.143457155617133e-05,1.3999999999999773,N2,315.0,configs/target_species_lines.csv,target_match
air,100H,bulk,2.0,4.0,313.6,5.143457155617133e-05,0.1280000000000427,O II,,https://physics.nist.gov/cgi-bin/ASD/lines1.pl?spectra=O+II&limits_type=0&low_w=200.000&upp_w=500.000&unit=1&de=0&format=2&line_out=0&en_unit=0&output=0&page_size=15&show_obs_wl=1&show_calc_wl=1&unc_out=1&show_av=2&allowed_out=1&forbid_out=1&remove_js=on&submit=Retrieve+Data,nist_reactive_candidate
air,100H,bulk,,8.0,329.1,2.0456390397915927e-06,1.1000000000000227,N2+,328.0,configs/target_species_lines.csv,target_match
air,100H,bulk,2.0,8.0,329.1,2.0456390397915927e-06,0.1019000000000005,O II,,https://physics.nist.gov/cgi-bin/ASD/lines1.pl?spectra=O+II&limits_type=0&low_w=200.000&upp_w=500.000&unit=1&de=0&format=2&line_out=0&en_unit=0&output=0&page_size=15&show_obs_wl=1&show_calc_wl=1&unc_out=1&show_av=2&allowed_out=1&forbid_out=1&remove_js=on&submit=Retrieve+Data,nist_reactive_candidate
air,100H,bulk,1.0,1.0,335.3,0.0001307551932382,0.1555098000000043,He I,,https://physics.nist.gov/cgi-bin/ASD/lines1.pl?spectra=He+I&limits_type=0&low_w=200.000&upp_w=500.000&unit=1&de=0&format=2&line_out=0&en_unit=0&output=0&page_size=15&show_obs_wl=1&show_calc_wl=1&unc_out=1&show_av=2&allowed_out=1&forbid_out=1&remove_js=on&submit=Retrieve+Data,nist_reactive_candidate
air,100H,bulk,,1.0,335.3,0.0001307551932382,0.6999999999999886,N2,336.0,configs/target_species_lines.csv,target_match
air,100H,bulk,2.0,1.0,335.3,0.0001307551932382,0.1690000000000395,O II,,https://physics.nist.gov/cgi-bin/ASD/lines1.pl?spectra=O+II&limits_type=0&low_w=200.000&upp_w=500.000&unit=1&de=0&format=2&line_out=0&en_unit=0&output=0&page_size=15&show_obs_wl=1&show_calc_wl=1&unc_out=1&show_av=2&allowed_out=1&forbid_out=1&remove_js=on&submit=Retrieve+Data,nist_reactive_candidate
air,100H,bulk,1.0,10.0,350.3,6.889411586305065e-07,0.1331000000000131,O II,,https://physics.nist.gov/cgi-bin/ASD/lines1.pl?spectra=O+II&limits_type=0&low_w=200.000&upp_w=500.000&unit=1&de=0&format=2&line_out=0&en_unit=0&output=0&page_size=15&show_obs_wl=1&show_calc_wl=1&unc_out=1&show_av=2&allowed_out=1&forbid_out=1&remove_js=on&submit=Retrieve+Data,nist_reactive_candidate
air,100H,bulk,2.0,3.0,355.7,6.55272275094375e-05,0.2459345999999982,He I,,https://physics.nist.gov/cgi-bin/ASD/lines1.pl?spectra=He+I&limits_type=0&low_w=200.000&upp_w=500.000&unit=1&de=0&format=2&line_out=0&en_unit=0&output=0&page_size=15&show_obs_wl=1&show_calc_wl=1&unc_out=1&show_av=2&allowed_out=1&forbid_out=1&remove_js=on&submit=Retrieve+Data,nist_reactive_candidate
air,100H,bulk,,3.0,355.7,6.55272275094375e-05,0.3000000000000113,N2,356.0,configs/target_species_lines.csv,target_match
air,100H,bulk,,6.0,378.6,1.4705118793111525e-05,0.3999999999999772,N2,379.0,configs/target_species_lines.csv,target_match
air,100H,bulk,2.0,6.0,378.6,1.4705118793111525e-05,0.0699999999999931,O II,,https://physics.nist.gov/cgi-bin/ASD/lines1.pl?spectra=O+II&limits_type=0&low_w=200.000&upp_w=500.000&unit=1&de=0&format=2&line_out=0&en_unit=0&output=0&page_size=15&show_obs_wl=1&show_calc_wl=1&unc_out=1&show_av=2&allowed_out=1&forbid_out=1&remove_js=on&submit=Retrieve+Data,nist_reactive_candidate
air,100H,bulk,2.0,2.0,390.1,8.384903166802662e-05,0.0815500000000497,N I,,https://physics.nist.gov/cgi-bin/ASD/lines1.pl?spectra=N+I&limits_type=0&low_w=200.000&upp_w=500.000&unit=1&de=0&format=2&line_out=0&en_unit=0&output=0&page_size=15&show_obs_wl=1&show_calc_wl=1&unc_out=1&show_av=2&allowed_out=1&forbid_out=1&remove_js=on&submit=Retrieve+Data,nist_reactive_candidate
air,100H,bulk,,2.0,390.1,8.384903166802662e-05,0.1000000000000227,N2+,390.0,configs/target_species_lines.csv,target_match
air,100H,bulk,3.0,2.0,390.1,8.384903166802662e-05,0.469600000000014,O II,,https://physics.nist.gov/cgi-bin/ASD/lines1.pl?spectra=O+II&limits_type=0&low_w=200.000&upp_w=500.000&unit=1&de=0&format=2&line_out=0&en_unit=0&output=0&page_size=15&show_obs_wl=1&show_calc_wl=1&unc_out=1&show_av=2&allowed_out=1&forbid_out=1&remove_js=on&submit=Retrieve+Data,nist_reactive_candidate
air,100H,bulk,1.0,7.0,429.0,8.675021984022535e-06,0.117999999999995,O II,,https://physics.nist.gov/cgi-bin/ASD/lines1.pl?spectra=O+II&limits_type=0&low_w=200.000&upp_w=500.000&unit=1&de=0&format=2&line_out=0&en_unit=0&output=0&page_size=15&show_obs_wl=1&show_calc_wl=1&unc_out=1&show_av=2&allowed_out=1&forbid_out=1&remove_js=on&submit=Retrieve+Data,nist_reactive_candidate
air,5H..01A,bulk,,7.0,227.9,3.6004278095287795e-05,,Unassigned,,,sub300_unassigned
air,5H..01A,bulk,2.0,9.0,241.2,2.6631383207305307e-05,0.0377999999999758,O II,,https://physics.nist.gov/cgi-bin/ASD/lines1.pl?spectra=O+II&limits_type=0&low_w=200.000&upp_w=500.000&unit=1&de=0&format=2&line_out=0&en_unit=0&output=0&page_size=15&show_obs_wl=1&show_calc_wl=1&unc_out=1&show_av=2&allowed_out=1&forbid_out=1&remove_js=on&submit=Retrieve+Data,nist_reactive_candidate
air,5H..01A,bulk,,8.0,254.4,2.976444934037089e-05,,Unassigned,,,sub300_unassigned
air,5H..01A,bulk,3.0,5.0,309.4,4.4962524398582725e-05,0.2463999999999941,O II,,https://physics.nist.gov/cgi-bin/ASD/lines1.pl?spectra=O+II&limits_type=0&low_w=200.000&upp_w=500.000&unit=1&de=0&format=2&line_out=0&en_unit=0&output=0&page_size=15&show_obs_wl=1&show_calc_wl=1&unc_out=1&show_av=2&allowed_out=1&forbid_out=1&remove_js=on&submit=Retrieve+Data,nist_reactive_candidate
air,5H..01A,bulk,,5.0,309.4,4.4962524398582725e-05,1.3999999999999773,OH,308.0,configs/target_species_lines.csv,target_match
air,5H..01A,bulk,,4.0,313.8,9.43828971110658e-05,1.1999999999999886,N2,315.0,configs/target_species_lines.csv,target_match
air,5H..01A,bulk,1.0,4.0,313.8,9.43828971110658e-05,0.0335000000000036,O II,,https://physics.nist.gov/cgi-bin/ASD/lines1.pl?spectra=O+II&limits_type=0&low_w=200.000&upp_w=500.000&unit=1&de=0&format=2&line_out=0&en_unit=0&output=0&page_size=15&show_obs_wl=1&show_calc_wl=1&unc_out=1&show_av=2&allowed_out=1&forbid_out=1&remove_js=on&submit=Retrieve+Data,nist_reactive_candidate
air,5H..01A,bulk,1.0,1.0,335.4,0.0001623862697248,0.0555098000000384,He I,,https://physics.nist.gov/cgi-bin/ASD/lines1.pl?spectra=He+I&limits_type=0&low_w=200.000&upp_w=500.000&unit=1&de=0&format=2&line_out=0&en_unit=0&output=0&page_size=15&show_obs_wl=1&show_calc_wl=1&unc_out=1&show_av=2&allowed_out=1&forbid_out=1&remove_js=on&submit=Retrieve+Data,nist_reactive_candidate
air,5H..01A,bulk,,1.0,335.4,0.0001623862697248,0.6000000000000227,N2,336.0,configs/target_species_lines.csv,target_match
air,5H..01A,bulk,2.0,1.0,335.4,0.0001623862697248,0.2690000000000054,O II,,https://physics.nist.gov/cgi-bin/ASD/lines1.pl?spectra=O+II&limits_type=0&low_w=200.000&upp_w=500.000&unit=1&de=0&format=2&line_out=0&en_unit=0&output=0&page_size=15&show_obs_wl=1&show_calc_wl=1&unc_out=1&show_av=2&allowed_out=1&forbid_out=1&remove_js=on&submit=Retrieve+Data,nist_reactive_candidate
air,5H..01A,bulk,,3.0,356.0,9.948951240847532e-05,0.0,N2,356.0,configs/target_species_lines.csv,target_match
air,5H..01A,bulk,3.0,3.0,356.0,9.948951240847532e-05,0.2128000000000156,O II,,https://physics.nist.gov/cgi-bin/ASD/lines1.pl?spectra=O+II&limits_type=0&low_w=200.000&upp_w=500.000&unit=1&de=0&format=2&line_out=0&en_unit=0&output=0&page_size=15&show_obs_wl=1&show_calc_wl=1&unc_out=1&show_av=2&allowed_out=1&forbid_out=1&remove_js=on&submit=Retrieve+Data,nist_reactive_candidate
air,5H..01A,bulk,,6.0,378.9,4.130436244164794e-05,0.1000000000000227,N2,379.0,configs/target_species_lines.csv,target_match
air,5H..01A,bulk,1.0,6.0,378.9,4.130436244164794e-05,0.2299999999999613,O II,,https://physics.nist.gov/cgi-bin/ASD/lines1.pl?spectra=O+II&limits_type=0&low_w=200.000&upp_w=500.000&unit=1&de=0&format=2&line_out=0&en_unit=0&output=0&page_size=15&show_obs_wl=1&show_calc_wl=1&unc_out=1&show_av=2&allowed_out=1&forbid_out=1&remove_js=on&submit=Retrieve+Data,nist_reactive_candidate
air,5H..01A,bulk,2.0,2.0,390.2,0.0001165268768935,0.1815500000000156,N I,,https://physics.nist.gov/cgi-bin/ASD/lines1.pl?spectra=N+I&limits_type=0&low_w=200.000&upp_w=500.000&unit=1&de=0&format=2&line_out=0&en_unit=0&output=0&page_size=15&show_obs_wl=1&show_calc_wl=1&unc_out=1&show_av=2&allowed_out=1&forbid_out=1&remove_js=on&submit=Retrieve+Data,nist_reactive_candidate
air,5H..01A,bulk,,2.0,390.2,0.0001165268768935,0.1999999999999886,N2+,390.0,configs/target_species_lines.csv,target_match
air,5H..01A,bulk,1.0,10.0,428.3,2.564489907885229e-05,0.0036000000000058,O II,,https://physics.nist.gov/cgi-bin/ASD/lines1.pl?spectra=O+II&limits_type=0&low_w=200.000&upp_w=500.000&unit=1&de=0&format=2&line_out=0&en_unit=0&output=0&page_size=15&show_obs_wl=1&show_calc_wl=1&unc_out=1&show_av=2&allowed_out=1&forbid_out=1&remove_js=on&submit=Retrieve+Data,nist_reactive_candidate
air,5H..5A,bulk,,1.0,201.0,0.0006107337890288,,Unassigned,,,sub300_unassigned
air,5H..5A,bulk,2.0,6.0,208.8,0.0001216989803948,0.0656999999999925,N II,,https://physics.nist.gov/cgi-bin/ASD/lines1.pl?spectra=N+II&limits_type=0&low_w=200.000&upp_w=500.000&unit=1&de=0&format=2&line_out=0&en_unit=0&output=0&page_size=15&show_obs_wl=1&show_calc_wl=1&unc_out=1&show_av=2&allowed_out=1&forbid_out=1&remove_js=on&submit=Retrieve+Data,nist_reactive_candidate
air,5H..5A,bulk,,3.0,214.6,0.0001672504586384,,Unassigned,,,sub300_unassigned
air,5H..5A,bulk,,9.0,222.1,0.0001116500870443,,Unassigned,,,sub300_unassigned
air,5H..5A,bulk,1.0,4.0,231.2,0.0001300813506173,0.1077000000000225,O II,,https://physics.nist.gov/cgi-bin/ASD/lines1.pl?spectra=O+II&limits_type=0&low_w=200.000&upp_w=500.000&unit=1&de=0&format=2&line_out=0&en_unit=0&output=0&page_size=15&show_obs_wl=1&show_calc_wl=1&unc_out=1&show_av=2&allowed_out=1&forbid_out=1&remove_js=on&submit=Retrieve+Data,nist_reactive_candidate
air,5H..5A,bulk,1.0,10.0,309.0,5.695508640581117e-05,0.0375999999999976,O II,,https://physics.nist.gov/cgi-bin/ASD/lines1.pl?spectra=O+II&limits_type=0&low_w=200.000&upp_w=500.000&unit=1&de=0&format=2&line_out=0&en_unit=0&output=0&page_size=15&show_obs_wl=1&show_calc_wl=1&unc_out=1&show_av=2&allowed_out=1&forbid_out=1&remove_js=on&submit=Retrieve+Data,nist_reactive_candidate
air,5H..5A,bulk,,10.0,309.0,5.695508640581117e-05,1.0,OH,308.0,configs/target_species_lines.csv,target_match
air,5H..5A,bulk,,8.0,313.8,0.0001132614840261,1.1999999999999886,N2,315.0,configs/target_species_lines.csv,target_match
air,5H..5A,bulk,1.0,8.0,313.8,0.0001132614840261,0.0335000000000036,O II,,https://physics.nist.gov/cgi-bin/ASD/lines1.pl?spectra=O+II&limits_type=0&low_w=200.000&upp_w=500.000&unit=1&de=0&format=2&line_out=0&en_unit=0&output=0&page_size=15&show_obs_wl=1&show_calc_wl=1&unc_out=1&show_av=2&allowed_out=1&forbid_out=1&remove_js=on&submit=Retrieve+Data,nist_reactive_candidate
air,5H..5A,bulk,1.0,2.0,335.5,0.000176548832692,0.0444901999999842,He I,,https://physics.nist.gov/cgi-bin/ASD/lines1.pl?spectra=He+I&limits_type=0&low_w=200.000&upp_w=500.000&unit=1&de=0&format=2&line_out=0&en_unit=0&output=0&page_size=15&show_obs_wl=1&show_calc_wl=1&unc_out=1&show_av=2&allowed_out=1&forbid_out=1&remove_js=on&submit=Retrieve+Data,nist_reactive_candidate
air,5H..5A,bulk,,2.0,335.5,0.000176548832692,0.5,N2,336.0,configs/target_species_lines.csv,target_match
air,5H..5A,bulk,2.0,2.0,335.5,0.000176548832692,0.3690000000000282,O II,,https://physics.nist.gov/cgi-bin/ASD/lines1.pl?spectra=O+II&limits_type=0&low_w=200.000&upp_w=500.000&unit=1&de=0&format=2&line_out=0&en_unit=0&output=0&page_size=15&show_obs_wl=1&show_calc_wl=1&unc_out=1&show_av=2&allowed_out=1&forbid_out=1&remove_js=on&submit=Retrieve+Data,nist_reactive_candidate
air,5H..5A,bulk,1.0,7.0,355.5,0.0001167179849942,0.0459346000000095,He I,,https://physics.nist.gov/cgi-bin/ASD/lines1.pl?spectra=He+I&limits_type=0&low_w=200.000&upp_w=500.000&unit=1&de=0&format=2&line_out=0&en_unit=0&output=0&page_size=15&show_obs_wl=1&show_calc_wl=1&unc_out=1&show_av=2&allowed_out=1&forbid_out=1&remove_js=on&submit=Retrieve+Data,nist_reactive_candidate
air,5H..5A,bulk,,7.0,355.5,0.0001167179849942,0.5,N2,356.0,configs/target_species_lines.csv,target_match
air,5H..5A,bulk,2.0,5.0,390.1,0.0001238158442701,0.0815500000000497,N I,,https://physics.nist.gov/cgi-bin/ASD/lines1.pl?spectra=N+I&limits_type=0&low_w=200.000&upp_w=500.000&unit=1&de=0&format=2&line_out=0&en_unit=0&output=0&page_size=15&show_obs_wl=1&show_calc_wl=1&unc_out=1&show_av=2&allowed_out=1&forbid_out=1&remove_js=on&submit=Retrieve+Data,nist_reactive_candidate
air,5H..5A,bulk,,5.0,390.1,0.0001238158442701,0.1000000000000227,N2+,390.0,configs/target_species_lines.csv,target_match
air,5H..5A,bulk,3.0,5.0,390.1,0.0001238158442701,0.469600000000014,O II,,https://physics.nist.gov/cgi-bin/ASD/lines1.pl?spectra=O+II&limits_type=0&low_w=200.000&upp_w=500.000&unit=1&de=0&format=2&line_out=0&en_unit=0&output=0&page_size=15&show_obs_wl=1&show_calc_wl=1&unc_out=1&show_av=2&allowed_out=1&forbid_out=1&remove_js=on&submit=Retrieve+Data,nist_reactive_candidate
air,5H..9A,bulk,,1.0,201.3,0.0003192908913779,,Unassigned,,,sub300_unassigned
air,5H..9A,bulk,1.0,5.0,207.8,0.0001583493397933,0.1052999999999997,N II,,https://physics.nist.gov/cgi-bin/ASD/lines1.pl?spectra=N+II&limits_type=0&low_w=200.000&upp_w=500.000&unit=1&de=0&format=2&line_out=0&en_unit=0&output=0&page_size=15&show_obs_wl=1&show_calc_wl=1&unc_out=1&show_av=2&allowed_out=1&forbid_out=1&remove_js=on&submit=Retrieve+Data,nist_reactive_candidate
air,5H..9A,bulk,,8.0,227.9,5.8159570546121067e-05,,Unassigned,,,sub300_unassigned
air,5H..9A,bulk,2.0,9.0,235.5,5.614791283232396e-05,0.0790000000000077,O II,,https://physics.nist.gov/cgi-bin/ASD/lines1.pl?spectra=O+II&limits_type=0&low_w=200.000&upp_w=500.000&unit=1&de=0&format=2&line_out=0&en_unit=0&output=0&page_size=15&show_obs_wl=1&show_calc_wl=1&unc_out=1&show_av=2&allowed_out=1&forbid_out=1&remove_js=on&submit=Retrieve+Data,nist_reactive_candidate
air,5H..9A,bulk,,4.0,313.8,0.000160256126891,1.1999999999999886,N2,315.0,configs/target_species_lines.csv,target_match
air,5H..9A,bulk,1.0,4.0,313.8,0.000160256126891,0.0335000000000036,O II,,https://physics.nist.gov/cgi-bin/ASD/lines1.pl?spectra=O+II&limits_type=0&low_w=200.000&upp_w=500.000&unit=1&de=0&format=2&line_out=0&en_unit=0&output=0&page_size=15&show_obs_wl=1&show_calc_wl=1&unc_out=1&show_av=2&allowed_out=1&forbid_out=1&remove_js=on&submit=Retrieve+Data,nist_reactive_candidate
air,5H..9A,bulk,1.0,2.0,335.4,0.0002898572666698,0.0555098000000384,He I,,https://physics.nist.gov/cgi-bin/ASD/lines1.pl?spectra=He+I&limits_type=0&low_w=200.000&upp_w=500.000&unit=1&de=0&format=2&line_out=0&en_unit=0&output=0&page_size=15&show_obs_wl=1&show_calc_wl=1&unc_out=1&show_av=2&allowed_out=1&forbid_out=1&remove_js=on&submit=Retrieve+Data,nist_reactive_candidate
air,5H..9A,bulk,,2.0,335.4,0.0002898572666698,0.6000000000000227,N2,336.0,configs/target_species_lines.csv,target_match
air,5H..9A,bulk,2.0,2.0,335.4,0.0002898572666698,0.2690000000000054,O II,,https://physics.nist.gov/cgi-bin/ASD/lines1.pl?spectra=O+II&limits_type=0&low_w=200.000&upp_w=500.000&unit=1&de=0&format=2&line_out=0&en_unit=0&output=0&page_size=15&show_obs_wl=1&show_calc_wl=1&unc_out=1&show_av=2&allowed_out=1&forbid_out=1&remove_js=on&submit=Retrieve+Data,nist_reactive_candidate
air,5H..9A,bulk,,3.0,355.9,0.0001723062242819,0.1000000000000227,N2,356.0,configs/target_species_lines.csv,target_match
air,5H..9A,bulk,,10.0,374.3,4.2680743460257975e-05,0.3000000000000113,N2,374.0,configs/target_species_lines.csv,target_match
air,5H..9A,bulk,3.0,10.0,374.3,4.2680743460257975e-05,0.1286000000000058,O II,,https://physics.nist.gov/cgi-bin/ASD/lines1.pl?spectra=O+II&limits_type=0&low_w=200.000&upp_w=500.000&unit=1&de=0&format=2&line_out=0&en_unit=0&output=0&page_size=15&show_obs_wl=1&show_calc_wl=1&unc_out=1&show_av=2&allowed_out=1&forbid_out=1&remove_js=on&submit=Retrieve+Data,nist_reactive_candidate
air,5H..9A,bulk,,7.0,378.7,7.680602703015349e-05,0.3000000000000113,N2,379.0,configs/target_species_lines.csv,target_match
air,5H..9A,bulk,1.0,7.0,378.7,7.680602703015349e-05,0.0299999999999727,O II,,https://physics.nist.gov/cgi-bin/ASD/lines1.pl?spectra=O+II&limits_type=0&low_w=200.000&upp_w=500.000&unit=1&de=0&format=2&line_out=0&en_unit=0&output=0&page_size=15&show_obs_wl=1&show_calc_wl=1&unc_out=1&show_av=2&allowed_out=1&forbid_out=1&remove_js=on&submit=Retrieve+Data,nist_reactive_candidate
air,5H..9A,bulk,2.0,6.0,390.1,0.0001067019616074,0.0815500000000497,N I,,https://physics.nist.gov/cgi-bin/ASD/lines1.pl?spectra=N+I&limits_type=0&low_w=200.000&upp_w=500.000&unit=1&de=0&format=2&line_out=0&en_unit=0&output=0&page_size=15&show_obs_wl=1&show_calc_wl=1&unc_out=1&show_av=2&allowed_out=1&forbid_out=1&remove_js=on&submit=Retrieve+Data,nist_reactive_candidate
air,5H..9A,bulk,,6.0,390.1,0.0001067019616074,0.1000000000000227,N2+,390.0,configs/target_species_lines.csv,target_match
air,5H..9A,bulk,3.0,6.0,390.1,0.0001067019616074,0.469600000000014,O II,,https://physics.nist.gov/cgi-bin/ASD/lines1.pl?spectra=O+II&limits_type=0&low_w=200.000&upp_w=500.000&unit=1&de=0&format=2&line_out=0&en_unit=0&output=0&page_size=15&show_obs_wl=1&show_calc_wl=1&unc_out=1&show_av=2&allowed_out=1&forbid_out=1&remove_js=on&submit=Retrieve+Data,nist_reactive_candidate
